user_id,global_AUC,global_TPR,global_FPR,global_FNR,cal_AUC,cal_TPR,cal_FPR,cal_tau,cal_a,cal_b,delta_TPR_cal,delta_FPR_cal,head_AUC,head_TPR,head_FPR,head_tau,delta_TPR_head,delta_FPR_head
0,1.0,1.0,0.0,0.0,1.0,1.0,0.0,0.39,1.0800591647096187,-0.6358036676905733,0.0,0.0,1.0,1.0,0.0,0.65,0.0,0.0
1,1.0,1.0,0.0,0.0,1.0,0.9,0.0,0.5,0.9999999564553519,-0.7927974023531982,-0.09999999999999998,0.0,1.0,1.0,0.0,0.5,0.0,0.0
2,1.0,0.8,0.0,0.2,1.0,1.0,0.0,0.35000000000000003,1.0843744008434721,-0.6270163822324296,0.19999999999999996,0.0,1.0,1.0,0.3333333333333333,0.01,0.19999999999999996,0.3333333333333333
3,1.0,0.9,0.0,0.1,1.0,0.8,0.0,0.5,0.9811159631301144,-0.8005166640357511,-0.09999999999999998,0.0,1.0,1.0,0.0,0.5,0.09999999999999998,0.0
4,1.0,1.0,0.0,0.0,1.0,1.0,0.0,0.36,1.023469984620173,-0.588327180260446,0.0,0.0,1.0,1.0,0.0,0.36,0.0,0.0
5,1.0,0.8,0.0,0.2,1.0,0.6,0.0,0.5,0.9637652198490942,-0.8075571832996742,-0.20000000000000007,0.0,1.0,0.7,0.0,0.5,-0.10000000000000009,0.0
6,1.0,1.0,0.0,0.0,1.0,1.0,0.0,0.5,0.9999890310283909,-0.7928025971099489,0.0,0.0,0.0,0.0,0.0,0.5,-1.0,0.0
7,1.0,0.8,0.0,0.2,1.0,1.0,0.0,0.43,1.0914445549315617,-0.5401196370173135,0.19999999999999996,0.0,1.0,0.9,0.0,0.19,0.09999999999999998,0.0
