user_id,global_TPR,global_FPR,global_FNR,global_ROC_AUC,global_PR_AUC,personalized_TPR,personalized_FPR,personalized_FNR,threshold,val_target_achieved_FPR,val_target_achieved_TPR,delta_TPR,delta_FPR,improved
0,0.0,0.0,0.0,,0.0,0.0,0.0,0.0,0.46,0.0,0.0,0.0,0.0,0
1,1.0,0.0,0.0,1.0,1.0,0.6666666666666666,0.0,0.3333333333333333,0.53,0.0,0.5,-0.33333333333333337,0.0,0
2,0.6666666666666666,0.07692307692307693,0.3333333333333333,0.9743589743589745,0.9166666666666666,0.0,0.0,1.0,0.46,0.0,0.0,-0.6666666666666666,-0.07692307692307693,0
3,1.0,0.0,0.0,1.0,1.0,0.0,0.0,1.0,0.46,0.0,0.0,-1.0,0.0,0
4,1.0,0.0,0.0,1.0,1.0,0.0,0.0,1.0,0.46,0.0,0.0,-1.0,0.0,0
